year,indicator,dalian,liaoning,wuhan,qingdao,unit,interpretation
2013,loan_growth,11.56,12.76,11.66,11.42,pct,credit_growth
2014,loan_growth,7.40,10.85,13.00,8.99,pct,credit_growth
2015,loan_growth,6.47,9.82,18.40,9.93,pct,credit_growth
2013,dalian_share_of_liaoning_loan_increment,31.36,,,,pct,regional_credit_weight
2014,dalian_share_of_liaoning_loan_increment,23.38,,,,pct,regional_credit_weight
2015,dalian_share_of_liaoning_loan_increment,21.88,,,,pct,regional_credit_weight
2013,NPL_ratio,1.07,,,,pct,credit_risk
2014,NPL_ratio,1.86,,,,pct,credit_risk
2015,NPL_ratio,2.16,,,,pct,credit_risk
2016,NPL_ratio,3.22,,,,pct,credit_risk
2014,private_investment_growth,2.4,,16.1,24.0,pct,private_investment
2014,bank_loan_increment,755.5,,,,100m_CNY,bank_credit_flow
2014,capital_market_direct_financing,1030.78,,,,100m_CNY,direct_financing_scale
2015,bank_loan_increment,709.9,,,,100m_CNY,bank_credit_flow
2015,capital_market_direct_financing,1172.0,,,,100m_CNY,direct_financing_scale
2016,bank_loan_increment,267.5,,,,100m_CNY,bank_credit_flow
2016,capital_market_financing,1416.8,,,,100m_CNY,direct_financing_scale
