year,type,item,value_or_status,unit_or_scope,interpretation
2011,fiscal,upper_related_resources,74.16,100m_CNY_legacy_definition,visible_upper_resources
2012,fiscal,upper_related_resources,128.05,100m_CNY_legacy_definition,visible_upper_resources
2014,fiscal,central_provincial_tax_rebates_and_transfers,188.97,100m_CNY_clean_definition,visible_upper_resources
2015,fiscal,central_provincial_tax_rebates_and_transfers,198.10,100m_CNY_clean_definition,visible_upper_resources
2014,leadership,party_secretary,Tang_Jun,tenure_2011_2017,leadership_continuity
2014,leadership,mayor,Li_Wancai_until_Dec_29,tenure_2009_2014,leadership_continuity
2014,national_platform,Jinpu_New_Area,approved,State_Council,policy_platform
2015,major_project,Intel_Dalian_reinvestment,up_to_5.5,billion_USD_multiyear,major_FDI
2016,national_platform,Cross_border_ecommerce_pilot,approved,State_Council,policy_platform
2016,national_policy,Northeast_revitalization_support_for_Dalian,explicit_support,State_Council,policy_support
2017,national_platform,Liaoning_FTZ_Dalian_area,59.96,square_km,policy_platform
2016,major_projects,projects_over_100m,660,projects,project_activity
2016,major_projects,completed_investment,1176.4,100m_CNY,project_activity
2017,major_projects,projects_over_100m,621,projects,project_activity
2017,major_project,Intel_annual_investment,178,100m_CNY,project_activity
2017,major_project,Hengli_annual_investment,200,100m_CNY,project_activity
