mechanism,timing_fit,dalian_specificity,direct_evidence,role_in_explanation
Liaoning_Northeast_investment_cycle,strong,mostly_regional,strong_GDP_real_estate_FAI,primary_common_background
real_estate_land_finance,strong,regional_with_2012_Dalian_extra,strong_land_fund_and_investment_data,major_component_of_investment_turn
credit_asset_quality_feedback,strong,high,strong_loan_gap_NPL_private_investment,main_Dalian_specific_near_term_mechanism
political_network_visible_resources,weak_for_break,high,"transfers_platforms_projects_continue",not_main_total_resource_channel
political_network_marginal_coordination,moderate_to_strong_lagged,high,"credit_gap_and_private_investment_consistent; direct micro_link_missing",candidate_amplifier
local_governance_immediate_leadership_shock,weak,high,top_leadership_continuity,limited_role_in_2012_2014_break
Japan_external_structure,moderate_long_run,high,"high_exposure; new_projects_decline; FDI_stock_persists",long_run_growth_constraint
measurement_revision,strong_2015_2016,regional,official_revision_and_cleanup_records,important_for_extended_window
Chongqing_parallel_case,strong_mechanism_test,parallel_treated_case,"GDP_credit_FAI_do_not_cliff",shows_effect_depends_on_local_structure
