region,year,variable,value,unit,reported_label,source_id,admissible_use,notes
大连,2013,foreign_capital_broad,136,100m_USD,实际使用外资,DL2013,scope_audit_only,非统一FDI序列
大连,2014,foreign_capital_broad,140,100m_USD,实际使用外资,DL2014,scope_audit_only,同段其中FDI为25
大连,2014,fdi_reported,25,100m_USD,其中外商直接投资,DL2014,scope_audit_only,与省级值统计范围待核
大连,2015,foreign_capital_unspecified,27.03,100m_USD,实际使用外资,DL2015,scope_audit_only,报告增长8.1%算术上与25衔接；不因此确认同口径
大连,2015,foreign_capital_reported_growth,8.1,percent,实际使用外资增长,DL2015,scope_audit_only,
大连,2016,fdi_reported,30,100m_USD,实际使用外商直接投资,DL2016,scope_audit_only,同期省FDI29.99；区域统计范围/版本存在待核冲突
大连,2016,fdi_reported_growth,11.1,percent,外商直接投资增长,DL2016,scope_audit_only,
辽宁,2016,ln_fdi_reported,29.99,100m_USD,全年外商直接投资,LN2016,scope_audit_only,近于且略低于大连30；不可直接相减构造省去大连
大连,2013,port_cargo,4.1,100m_tonnes,全市港口货物吞吐量,DL2013,descriptive_proxy,总量四舍五入；不反推增速
大连,2013,port_cargo_growth,8.9,percent,港口货物吞吐量增长,DL2013,descriptive_proxy,
大连,2013,port_containers,1001.5,10k_TEU,港口集装箱吞吐量,DL2013,descriptive_proxy,
大连,2013,port_containers_growth,24.2,percent,港口集装箱吞吐量增长,DL2013,descriptive_proxy,
大连,2014,port_cargo,4.2,100m_tonnes,全市港口货物吞吐量,DL2014,descriptive_proxy,总量四舍五入；不反推增速
大连,2014,port_cargo_growth,3.9,percent,港口货物吞吐量增长,DL2014,descriptive_proxy,
大连,2014,port_containers,1013.2,10k_TEU,港口集装箱吞吐量,DL2014,descriptive_proxy,
大连,2014,port_containers_growth,1.2,percent,港口集装箱吞吐量增长,DL2014,descriptive_proxy,
大连,2015,port_cargo,4.1,100m_tonnes,全市港口货物吞吐量,DL2015,descriptive_proxy,总量四舍五入；不反推增速
大连,2015,port_cargo_growth,-2,percent,港口货物吞吐量增长,DL2015,descriptive_proxy,
大连,2015,port_containers,944.9,10k_TEU,港口集装箱吞吐量,DL2015,descriptive_proxy,
大连,2015,port_containers_growth,-6.7,percent,港口集装箱吞吐量增长,DL2015,descriptive_proxy,
大连,2016,port_cargo,4.4,100m_tonnes,全市港口货物吞吐量,DL2016,descriptive_proxy,总量四舍五入；不反推增速
大连,2016,port_cargo_growth,5.3,percent,港口货物吞吐量增长,DL2016,descriptive_proxy,
大连,2016,port_containers,958.3,10k_TEU,港口集装箱吞吐量,DL2016,descriptive_proxy,
大连,2016,port_containers_growth,1.4,percent,港口集装箱吞吐量增长,DL2016,descriptive_proxy,
