year,cq_gdp_growth_pct,chengdu_gdp_growth_pct,wuhan_gdp_growth_pct,cq_loan_growth_pct,dalian_loan_growth_pct,cq_fai_growth_pct,period,notes
2008,14.3,12.1,15.1,,,,pre,
2009,14.9,14.7,13.7,,,,pre,
2010,17.1,15.0,14.7,,,,pre,
2011,16.4,15.2,12.5,20.0,16.318,30.0,pre,
2012,13.6,13.0,,18.2,15.071,22.0,transition,2012政治事件过渡年
2013,12.3,10.2,10.0,15.5,11.558,19.5,post,
2014,10.9,8.9,9.7,14.6,7.404,18.0,post,重庆社会融资规模5472.76亿元且不良率0.45%
2015,11.0,7.9,8.8,11.2,6.471,17.1,post,
2016,10.7,7.7,7.8,11.189,2.319,12.1,post,重庆贷款增速由余额和增量计算
