region,year,loan_balance_100m_cny,loan_increment_100m_cny,loan_growth_pct,rate_basis,source_id,quality_note
大连,2010,6812.0,1422.5,26.4,reported_growth,DL2010,official
大连,2011,7918.9,1110.9,16.3176,increment_over_comparable_start,DL2011CREDIT,bulletin_mirror
大连,2012,9111.7,1193.4,15.1,reported_growth,DL2012CREDIT,bulletin_mirror_crosschecked_with_PBOC_service_report
大连,2013,10185.0,1055.2,11.5578,increment_over_comparable_start,DL2013CREDIT,official
大连,2014,10959.4,755.5,7.4040,increment_over_comparable_start,DL2014CREDIT,official
大连,2015,11680.3,709.9,6.4710,increment_over_comparable_start,DL2015CREDIT,official_republication
大连,2016,11803.5,267.5,2.3188,increment_over_reported_comparable_start,DL2016CREDIT,official_scope_break_warning
大连,2017,11954.5,151.0,1.2793,increment_over_reported_comparable_start,DL2017CREDIT,official
辽宁,2010,19622.0,3399.9,20.9584,increment_over_comparable_start,LN2010CREDIT,official
辽宁,2011,22831.7,3358.7,17.2,reported_growth,LN2011CREDIT,official
辽宁,2012,26306.5,3465.7,15.1733,increment_over_comparable_start,LN2012CREDIT,official
辽宁,2013,29722.0,3364.4,12.7644,increment_over_comparable_start,LN2013CREDIT,official
辽宁,2014,33023.5,3231.0,10.8450,increment_over_comparable_start,LN2014CREDIT,official_republication
辽宁,2015,36282.8,3244.2,9.8194,increment_over_comparable_start,LN2015CREDIT,official
武汉,2010,9093.71,,20.7,reported_growth,WH2010CREDIT,official
武汉,2011,10157.53,,16.0,reported_growth,WH2011CREDIT,official
武汉,2013,12803.87,1336.99,11.6596,increment_over_comparable_start,WH2013CREDIT,official
武汉,2014,14463.40,,13.0,reported_growth,WH2014CREDIT,official_analysis
武汉,2015,17135.79,,18.4,reported_growth,WH2015CREDIT,official
青岛,2010,6365.19,1096.61,20.8159,increment_over_comparable_start,QD2010CREDIT,bulletin_mirror
青岛,2011,7495.25,1145.40,18.0,reported_growth,QD2011CREDIT,official
青岛,2013,9642.4,988.3,11.4200,increment_over_comparable_start,QD2013CREDIT,bulletin_mirror
青岛,2014,10530.6,868.9,8.9932,increment_over_comparable_start,QD2014CREDIT,bulletin_mirror
青岛,2015,11576.8,1046.2,9.9349,increment_over_comparable_start,QD2015CREDIT,bulletin_mirror
