region,year,loan_balance_100m_cny,loan_increment_100m_cny,loan_growth_pct,npl_ratio_pct,source_id,growth_status,notes
大连,2010,6812.0,1422.5,26.4,1.38,DL2010,reported,公报直接报告增长26.4%
大连,2011,7918.9,1110.9,16.318,,DL2011FIN,derived,由年末余额和比年初增加额计算；不良率另为0.94
大连,2012,9111.7,1193.4,15.071,1.20,DL2012FIN,derived,由年末余额和比年初增加额计算
大连,2013,10185.0,1055.2,11.558,1.07,DL2013,derived,由年末余额和比年初增加额计算
大连,2014,10959.4,755.5,7.404,1.86,DL2014,derived,由年末余额和比年初增加额计算
大连,2015,11680.3,709.9,6.471,2.16,DL2015,derived,由年末余额和比年初增加额计算
大连,2016,11803.5,267.5,2.319,3.22,DL2016,derived,由年末余额和比年初增加额计算
辽宁,2010,19622.0,3399.9,20.958,,LN2010,derived,由年末余额和比年初增加额计算
辽宁,2011,22831.7,3358.7,17.248,,LN2011,derived,由年末余额和比年初增加额计算
辽宁,2012,26306.5,3465.7,15.173,,LN2012,derived,由年末余额和比年初增加额计算
辽宁,2013,29722.0,3364.4,12.764,,LN2013,derived,由年末余额和比年初增加额计算
辽宁,2014,33023.5,3231.0,10.845,,LN2014,derived,由年末余额和比年初增加额计算
辽宁,2015,36282.8,3244.2,9.819,,LN2015,derived,由年末余额和比年初增加额计算
辽宁,2016,38685.6,2402.9,6.623,,LN2016,derived,由年末余额和比年初增加额计算
武汉,2013,12803.87,1336.99,11.660,,WH2013,derived,由年末余额和比年初增加额计算
武汉,2014,14463.40,1659.52,13.0,,WH2014FIN,reported,官方分析直接报告增长13.0%
武汉,2015,17135.79,,18.4,,WH2015FIN,reported,官方公报直接报告
武汉,2016,20754.87,3619.08,21.12,,WH2016FIN,reported,官方统计分析直接报告
青岛,2014,10531.0,869.0,8.994,,QD2014FIN,derived,由年末余额和比年初增加额计算
青岛,2015,11576.8,1045.8,9.931,2.04,QD2015FIN,derived,2015余额减2014余额计算；官方规划确认年末不良率2.04%
青岛,2016,12955.3,1378.5,11.907,1.98,QD2016FIN,derived,贷款增长由余额与增量计算；不良率来自QD2016NPL
