region,year,gdp_real_growth_pct,source_id,source_type,purpose,causal_ready,notes
大连,2010,15.2,OWEI_DL_GDP,secondary_yearbook_aggregation,donor_screening_only,False,与当年公报一致
大连,2011,13.5,OWEI_DL_GDP,secondary_yearbook_aggregation,donor_screening_only,False,补足主表缺口但不覆盖as-reported面板；官方年鉴1-2表目录已定位
大连,2012,10.3,OWEI_DL_GDP,secondary_yearbook_aggregation,donor_screening_only,False,补足主表缺口但不覆盖as-reported面板；官方年鉴1-2表目录已定位
大连,2013,9.25,OWEI_DL_GDP,secondary_yearbook_aggregation,donor_screening_only,False,与当年公报9.0存在版本差异
大连,2014,5.78,OWEI_DL_GDP,secondary_yearbook_aggregation,donor_screening_only,False,近似当年公报5.8
大连,2015,4.2,OWEI_DL_GDP,secondary_yearbook_aggregation,donor_screening_only,False,
大连,2016,6.5,OWEI_DL_GDP,secondary_yearbook_aggregation,donor_screening_only,False,
大连,2017,7.31,OWEI_DL_GDP,secondary_yearbook_aggregation,donor_screening_only,False,
大连,2018,6.5,OWEI_DL_GDP,secondary_yearbook_aggregation,donor_screening_only,False,
大连,2019,6.5,OWEI_DL_GDP,secondary_yearbook_aggregation,donor_screening_only,False,
青岛,2010,12.9,OWEI_QD_GDP,secondary_yearbook_aggregation,donor_screening_only,False,
青岛,2011,11.7,OWEI_QD_GDP,secondary_yearbook_aggregation,donor_screening_only,False,与官方当年公报一致
青岛,2012,10.6,OWEI_QD_GDP,secondary_yearbook_aggregation,donor_screening_only,False,
青岛,2013,9.65,OWEI_QD_GDP,secondary_yearbook_aggregation,donor_screening_only,False,与当年公报10.0存在版本差异
青岛,2014,8.0,OWEI_QD_GDP,secondary_yearbook_aggregation,donor_screening_only,False,
青岛,2015,8.1,OWEI_QD_GDP,secondary_yearbook_aggregation,donor_screening_only,False,
青岛,2016,7.9,OWEI_QD_GDP,secondary_yearbook_aggregation,donor_screening_only,False,
青岛,2017,9.3,OWEI_QD_GDP,secondary_yearbook_aggregation,donor_screening_only,False,
青岛,2018,7.4,OWEI_QD_GDP,secondary_yearbook_aggregation,donor_screening_only,False,
青岛,2019,6.5,OWEI_QD_GDP,secondary_yearbook_aggregation,donor_screening_only,False,
宁波,2010,12.5,OWEI_NB_GDP,secondary_yearbook_aggregation,donor_screening_only,False,
宁波,2011,10.0,OWEI_NB_GDP,secondary_yearbook_aggregation,donor_screening_only,False,
宁波,2012,7.8,OWEI_NB_GDP,secondary_yearbook_aggregation,donor_screening_only,False,
宁波,2013,8.31,OWEI_NB_GDP,secondary_yearbook_aggregation,donor_screening_only,False,
宁波,2014,7.6,OWEI_NB_GDP,secondary_yearbook_aggregation,donor_screening_only,False,
宁波,2015,8.0,OWEI_NB_GDP,secondary_yearbook_aggregation,donor_screening_only,False,
宁波,2016,7.1,OWEI_NB_GDP,secondary_yearbook_aggregation,donor_screening_only,False,
宁波,2017,6.8,OWEI_NB_GDP,secondary_yearbook_aggregation,donor_screening_only,False,
宁波,2018,7.0,OWEI_NB_GDP,secondary_yearbook_aggregation,donor_screening_only,False,
宁波,2019,6.8,OWEI_NB_GDP,secondary_yearbook_aggregation,donor_screening_only,False,
厦门,2010,15.1,OWEI_XM_GDP,secondary_yearbook_aggregation,donor_screening_only,False,厦门官方年鉴存在历年GDP指数表待提取
厦门,2011,15.1,OWEI_XM_GDP,secondary_yearbook_aggregation,donor_screening_only,False,
厦门,2012,12.1,OWEI_XM_GDP,secondary_yearbook_aggregation,donor_screening_only,False,
厦门,2013,7.14,OWEI_XM_GDP,secondary_yearbook_aggregation,donor_screening_only,False,
厦门,2014,9.2,OWEI_XM_GDP,secondary_yearbook_aggregation,donor_screening_only,False,
厦门,2015,7.2,OWEI_XM_GDP,secondary_yearbook_aggregation,donor_screening_only,False,
厦门,2016,7.9,OWEI_XM_GDP,secondary_yearbook_aggregation,donor_screening_only,False,
厦门,2017,7.6,OWEI_XM_GDP,secondary_yearbook_aggregation,donor_screening_only,False,
厦门,2018,7.7,OWEI_XM_GDP,secondary_yearbook_aggregation,donor_screening_only,False,
厦门,2019,7.9,OWEI_XM_GDP,secondary_yearbook_aggregation,donor_screening_only,False,
烟台,2010,14.1,OWEI_YT_GDP,secondary_yearbook_aggregation,donor_screening_only,False,
烟台,2011,12.1,OWEI_YT_GDP,secondary_yearbook_aggregation,donor_screening_only,False,
烟台,2012,10.31,OWEI_YT_GDP,secondary_yearbook_aggregation,donor_screening_only,False,
烟台,2013,6.3,OWEI_YT_GDP,secondary_yearbook_aggregation,donor_screening_only,False,与2013当年官方公报10.2差异巨大；证明版本审计不可跳过
烟台,2014,9.05,OWEI_YT_GDP,secondary_yearbook_aggregation,donor_screening_only,False,
烟台,2015,8.37,OWEI_YT_GDP,secondary_yearbook_aggregation,donor_screening_only,False,当年官方公报8.4
烟台,2016,8.06,OWEI_YT_GDP,secondary_yearbook_aggregation,donor_screening_only,False,
烟台,2017,7.6,OWEI_YT_GDP,secondary_yearbook_aggregation,donor_screening_only,False,
烟台,2018,6.4,OWEI_YT_GDP,secondary_yearbook_aggregation,donor_screening_only,False,
烟台,2019,5.5,OWEI_YT_GDP,secondary_yearbook_aggregation,donor_screening_only,False,
