year,indicator,value,unit,source_id,reported_or_derived,comparability_group,notes
2013,total_social_financing,2124.3,100m_cny,PBOC_DL2014REPORT,reported,social_financing_scale,人民银行大连中心支行口径
2013,direct_to_indirect_increment_ratio,1.0,ratio,PBOC_DL2014REPORT,reported,social_financing_structure,报告称直接融资和间接融资增量比例达到1比1
2013,enterprise_debt_financing_tools,488.5,100m_cny,PBOC_DL2014REPORT,reported,debt_financing_tools,为上年1.8倍
2013,agri_related_loan_balance,1609.9,100m_cny,PBOC_DL2014REPORT,reported,sector_credit,增长23.8%
2013,agri_related_loan_growth,23.8,pct,PBOC_DL2014REPORT,reported,sector_credit,
2013,small_micro_loan_balance,1375.0,100m_cny,PBOC_DL2014REPORT,reported,sector_credit,占全部企业贷款18.8%
2013,small_micro_share_of_enterprise_loans,18.8,pct,PBOC_DL2014REPORT,reported,sector_credit,
2014,bank_loan_increment,755.5,100m_cny,DL2014,reported,bank_balance_increment,银行贷款余额净增加
2014,enterprise_bond_financing,665.3,100m_cny,DL2014BOND,reported,bond_gross_financing,47家次企业债券融资增长22.7%
2014,capital_market_direct_financing,1030.78,100m_cny,DL2015DIRECT,derived,capital_market_direct_financing,由2015年1172亿元及同比增长13.7%倒算2014同口径基数
2014,new_credit_and_financing,2638.0,100m_cny,DL2014DIRECT,reported,broad_government_report_metric,政府工作报告口径；不与社会融资规模直接拼接
2014,capital_market_direct_financing_growth,75.0,pct,DL2014DIRECT,reported,capital_market_direct_financing,政府工作报告回顾2014
2015,bank_loan_increment,709.9,100m_cny,DL2015,reported,bank_balance_increment,银行贷款余额净增加
2015,capital_market_direct_financing,1172.0,100m_cny,DL2015DIRECT,reported,capital_market_direct_financing,同比增长13.7%
2015,capital_market_direct_financing_growth,13.7,pct,DL2015DIRECT,reported,capital_market_direct_financing,
2016,bank_loan_increment,267.5,100m_cny,DL2016,reported,bank_balance_increment,银行贷款余额净增加
2016,capital_market_financing,1416.8,100m_cny,DL2016DIRECT,reported,capital_market_financing,同比增长21%
2016,capital_market_financing_growth,21.0,pct,DL2016DIRECT,reported,capital_market_financing,
2016,bond_financing,1324.2,100m_cny,DL2016DIRECT,reported,bond_gross_financing,同比增长31%
