year,indicator,value,unit,source_id,admissible_use,confounders_or_notes
2007,new_registered_enterprises,12363,households,DL2007REG,descriptive_market_entry,旧登记制度
2010,new_registered_enterprises,17065,households,DL2010REG,descriptive_market_entry,旧登记制度
2013,new_registered_enterprises,16072,households,DL2013,descriptive_market_entry,旧登记制度；2014全国注册资本制度改革前
2014,new_registered_enterprises,27310,households,DL2014,descriptive_market_entry,同比+69.9%；2014-03-01全国注册资本认缴及登记制度改革造成重大口径/制度断点
2015,new_registered_enterprises,29942,households,DL2015,descriptive_market_entry,同比+9.6%；改革后制度
2016,new_registered_enterprises,32313,households,DL2016,descriptive_market_entry,同比+16.8%；改革后制度
2017,new_registered_enterprises,38728,households,DL2017,descriptive_market_entry,同比+8.7%；改革后制度
2014,private_investment_growth,2.4,pct,DL2014GOV,descriptive_investment,政府工作报告口径；未提取绝对额
2017,private_investment_growth,22.4,pct,DL2017GOV,descriptive_investment,政府工作报告回顾2017
2018,private_investment_growth,17.1,pct,DL2018,descriptive_investment,统计公报
2019,private_investment_growth,-9.3,pct,DL2019,descriptive_investment,统计公报
2013,major_projects_over_100m_count,1028,projects,DL2013GOV,descriptive_project_flow,实施亿元以上重大项目；总投资1.58万亿元
2013,major_project_completed_investment,3800,100m_cny,DL2013GOV,descriptive_project_flow,亿元以上重大建设项目完成投资；政府工作报告口径
2015,major_policy_project_bundle,10,events,DL2015GOV,qualitative_project_flow,报告列举十件重大政策规划项目成果；事件类型不完全同质不可与项目数比较
2016,major_projects_over_100m_count,660,projects,DL2016GOV,descriptive_project_flow,开复工亿元以上重大项目
2016,major_projects_completed_investment,1176.4,100m_cny,DL2016GOV,descriptive_project_flow,660个亿元以上重大项目完成投资
2017,major_projects_over_100m_count,621,projects,DL2017GOV,descriptive_project_flow,开复工亿元以上项目
2017,intel_annual_investment,178,100m_cny,DL2017GOV,project_case_only,单项目当年投资
2017,hengli_annual_investment,200,100m_cny,DL2017GOV,project_case_only,单项目当年投资
2016,senior_local_official_investigation,1,event,CAO2016,governance_disruption_case,市委常委常务副市长曹爱华2016-09接受调查；不能外推整个班子质量
