region,year,indicator,value,unit,source_id,reported_or_derived,notes
大连,2012,japanese_new_project_count,136,projects,JETRO2013DLJP,reported,2013报告给出上年日本项目数
大连,2013,japanese_new_project_count,75,projects,JETRO2013DLJP,reported,较2012约减少44.9%
大连,2014,japanese_new_project_count,61,projects,JETRO2014DLJP,reported,同比下降18.7%
大连,2015,japanese_new_project_count,47,projects,JETRO2015DLJP,reported,同比下降23.0%;2015统计方法变化
大连,2013,japanese_fdi_actual,2627.46,million_usd,JETRO2013DLJP,reported,约为上年2.5倍;占全市FDI 19.3%
大连,2013,japanese_fdi_share,19.3,pct,JETRO2013DLJP,reported,
大连,2014,japanese_fdi_actual,2535,million_usd,JETRO2014DLJP,reported,同比下降3.5%;占18.1%
大连,2014,japanese_fdi_share,18.1,pct,JETRO2014DLJP,reported,
大连,2014,japanese_fdi_growth,-3.5,pct,JETRO2014DLJP,reported,
大连,2015,japanese_fdi_actual,147,million_usd,JETRO2015DLJP,reported,同比下降69.4%;2015统计方法变化跨年金额不可直接拼接
大连,2015,japanese_fdi_share,5.4,pct,JETRO2015DLJP,reported,2015统计方法变化
大连,2015,japanese_fdi_growth,-69.4,pct,JETRO2015DLJP,reported,报告同比;需保留统计方法变化警告
中国,2013,japanese_fdi_actual,7064,million_usd,JETRO2015CHNJP,reported,中方统计
中国,2013,japanese_fdi_growth,-4.3,pct,JETRO2015CHNJP,reported,
中国,2014,japanese_fdi_actual,4330,million_usd,JETRO2015CHNJP,reported,中方统计
中国,2014,japanese_fdi_growth,-38.8,pct,JETRO2015CHNJP,reported,
中国,2015,japanese_fdi_actual,3210,million_usd,JETRO2015CHNJP,reported,中方统计
中国,2015,japanese_fdi_growth,-25.9,pct,JETRO2015CHNJP,reported,
大连,2013,total_fdi_actual,13600,million_usd,JETRO2013DLJP,reported,同比增长10.1%
大连,2013,total_fdi_growth,10.1,pct,JETRO2013DLJP,reported,
大连,2014,total_fdi_actual,14004,million_usd,JETRO2014DLJP,reported,同比增长3.0%
大连,2014,total_fdi_growth,3.0,pct,JETRO2014DLJP,reported,
大连,2015,total_fdi_actual,2703,million_usd,JETRO2015DLJP,reported,统计方法变化;报告同比增长8.1%故绝对额不可与前期直接拼接
大连,2015,total_fdi_growth,8.1,pct,JETRO2015DLJP,reported,可比同比按报告口径
大连,2013,manufacturing_fdi_growth,16.6,pct,JETRO2013DLJP,reported,
大连,2014,manufacturing_fdi_growth,-8.4,pct,JETRO2014DLJP,reported,
大连,2015,manufacturing_fdi_growth,-43.7,pct,JETRO2015DLJP,reported,统计方法变化
大连,2014,tertiary_fdi_growth,18.7,pct,JETRO2014DLJP,reported,
