region,year,gdp_real_growth_pct,source_id,source_quality,period,causal_ready,notes
大连,2008,16.5,DL2008,official_bulletin,pre,False,
大连,2009,15.0,DL2009,official_bulletin,pre,False,
大连,2010,15.2,DL2010,official_bulletin,pre,False,
大连,2011,13.5,DL2011M,bulletin_mirror_crosschecked,pre,False,原官方页面未恢复
大连,2012,10.3,DL2012M,bulletin_mirror_crosschecked,transition,False,事件过渡年不进入主pre/post均值
大连,2013,9.0,DL2013,official_bulletin,post,False,
大连,2014,5.8,DL2014,official_bulletin,post,False,
大连,2015,4.2,DL2015,bulletin_republication,post,False,
大连,2016,6.5,DL2016,official_bulletin,post,False,辽宁统计治理异常期需敏感性
武汉,2008,15.1,WH2008,official_bulletin,pre,False,
武汉,2009,13.7,WH2009,official_bulletin,pre,False,
武汉,2010,14.7,WH2010,official_bulletin,pre,False,
武汉,2011,12.5,WH2011,official_bulletin,pre,False,
武汉,2012,11.4,WH2012,official_bulletin,transition,False,
武汉,2013,10.0,WH2013,official_bulletin,post,False,
武汉,2014,9.7,WH2014,official_bulletin,post,False,
武汉,2015,8.8,WH2015,official_bulletin,post,False,
武汉,2016,7.8,WH2016,official_bulletin,post,False,
青岛,2008,13.2,QD2008EX,official_plan_execution,pre,False,初步统计实际执行值
青岛,2009,12.2,QD2009GOV,official_government_report_actual_preliminary,pre,False,
青岛,2010,12.9,QD2010GOV,official_government_report_actual_preliminary,pre,False,
青岛,2011,11.7,QD2011,official_bulletin,pre,False,
青岛,2012,,QD2012EST,official_forecast_excluded,transition,False,仅有预计10.5左右；按设计留NA
青岛,2013,10.0,QD2013GOV,official_government_report_actual,post,False,
青岛,2014,8.0,QD2014OFF,official_plan_execution,post,False,
青岛,2015,8.1,QD2015OFF,official_statistics_release,post,False,
青岛,2016,7.9,QD2016OFF,official_statistics_release,post,False,
