region,admin_level,year,gdp_current_100m_cny,gdp_real_growth_pct,fai_current_100m_cny,fai_growth_pct,fai_scope,gdp_source_id,fai_source_id,vintage,quality_flags,causal_ready
大连,city,2005,2150,14.2,1110.5,53.7,全社会；2010明确为传统口径,DL2005,DL2005,as_reported,pre2011_fai_scope;annual_vintage;economic_census_rebase,False
大连,city,2006,2569.7,16.5,1469.5,32.3,全社会；2010明确为传统口径,DL2006,DL2006,as_reported,pre2011_fai_scope;annual_vintage,False
大连,city,2007,3131,17.5,1930.8,31.4,全社会；2010明确为传统口径,DL2007,DL2007,as_reported,pre2011_fai_scope;annual_vintage,False
大连,city,2008,3858.2,16.5,2513.4,30.2,全社会；2010明确为传统口径,DL2008,DL2008,as_reported,pre2011_fai_scope;annual_vintage,False
大连,city,2009,4417.7,15.0,3273.5,30.2,全社会；2010明确为传统口径,DL2009,DL2009,as_reported,pre2011_fai_scope;annual_vintage,False
大连,city,2010,5158.1,15.2,5084.3,55.3,全社会；2010明确为传统口径,DL2010,DL2010,as_reported,pre2011_fai_scope;annual_vintage,False
大连,city,2013,7650.8,9.0,6478.1,15.2,固定资产投资不含农户,DL2013,DL2013,as_reported,annual_vintage;no_revised_series,False
大连,city,2014,7655.6,5.8,6773.6,4.6,固定资产投资不含农户,DL2014,DL2014,as_reported,annual_vintage;no_revised_series,False
大连,city,2015,7731.6,4.2,4559.3,-32.7,固定资产投资不含农户,DL2015,DL2015,as_reported,annual_vintage;no_revised_series,False
大连,city,2016,6810.2,6.5,1436.4,-68.5,固定资产投资不含农户,DL2016,DL2016,as_reported,annual_vintage;no_revised_series;2016_recording_break_priority,False
大连,city,2018,7668.5,6.5,,,,DL2018,,as_reported,annual_vintage;investment_not_extracted,False
大连,city,2019,7001.7,6.5,,,,DL2019,,as_reported,unified_accounting_rebase;investment_not_extracted,False
辽宁,province,2007,11021.7,14.5,7435.2,30.7,全社会,LN2007,LN2007,as_reported,includes_Dalian;pre2011_fai_scope;annual_vintage,False
辽宁,province,2008,13461.6,13.1,10016.3,34.7,全社会,LN2008,LN2008,as_reported,includes_Dalian;pre2011_fai_scope;annual_vintage,False
辽宁,province,2009,15065.6,13.1,13074.9,30.5,全社会,LN2009,LN2009,as_reported,includes_Dalian;pre2011_fai_scope;annual_vintage,False
辽宁,province,2010,18278.3,14.1,16043,30.5,全社会,LN2010,LN2010,as_reported,includes_Dalian;pre2011_fai_scope;annual_vintage,False
辽宁,province,2011,22025.9,12.1,17431.5,30.2,固定资产投资不含农户,LN2011,LN2011,as_reported,includes_Dalian;annual_vintage;potential_treatment_spillover,False
辽宁,province,2012,24801.3,9.5,21535.4,23.5,固定资产投资不含农户,LN2012,LN2012,as_reported,includes_Dalian;annual_vintage;potential_treatment_spillover,False
辽宁,province,2013,27077.7,8.7,24791.4,15.1,固定资产投资不含农户,LN2013,LN2013,as_reported,includes_Dalian;annual_vintage;potential_treatment_spillover,False
辽宁,province,2014,28626.6,5.8,24426.8,-1.5,固定资产投资不含农户,LN2014,LN2014,as_reported,includes_Dalian;annual_vintage;potential_treatment_spillover,False
辽宁,province,2015,28743.4,3.0,17640.4,-27.8,固定资产投资不含农户,LN2015,LN2015,as_reported,includes_Dalian;annual_vintage;potential_treatment_spillover,False
辽宁,province,2016,22037.88,-2.5,6436.3,-63.5,固定资产投资不含农户,LN2016,LN2016,as_reported,includes_Dalian;annual_vintage;potential_treatment_spillover;2016_recording_break_priority,False
青岛,city,2011,6615.6,11.7,,,,QD2011,,as_reported,official_search_cache;investment_not_extracted,False
青岛,city,2013,8006.6,10.0,5027.9,21.1,城镇农村500万元及以上项目；公报不含农户,QD2013,QD2013I,as_reported,annual_vintage;donor_panel_incomplete,False
