source_id,region,year,title,url,published_or_report_date,host_type,locator,accessed,retrieval,vintage
DL2005,大连,2005,2005年大连国民经济和社会发展统计公报,https://www.ln.gov.cn/web/zwgkx/tjgb2/shizfgzbg/dls/5BAB6EC1A754458BA8F89BB9041BE17D/index.shtml,2006-06-27,official_portal,综合GDP段；固定资产投资段,2026-10-06,web_html_read,contemporaneous_bulletin_as_reported
DL2006,大连,2006,2006年大连国民经济和社会发展统计公报,https://www.ln.gov.cn/web/zwgkx/tjgb2/shizfgzbg/dls/99ADC62598A94F818D3C598160CD3C2A/index.shtml,2007-03-09,official_portal,综合GDP段；固定资产投资段,2026-10-06,web_html_read,contemporaneous_bulletin_as_reported
DL2007,大连,2007,2007年大连国民经济和社会发展统计公报,https://www.ln.gov.cn/web/zwgkx/tjgb2/shizfgzbg/dls/601ECB159586446DA076E8AFA7E5EED3/index.shtml,2008-03-03,official_portal,综合GDP段；固定资产投资段,2026-10-06,web_html_read,contemporaneous_bulletin_as_reported
DL2008,大连,2008,2008年大连国民经济和社会发展统计公报,https://www.ln.gov.cn/web/zwgkx/tjgb2/shizfgzbg/dls/C353F722DBB7406D8A0E87541B4DF23D/index.shtml,2009-05-20,official_portal,综合GDP段；固定资产投资段；网页2009-06-08转载,2026-10-06,web_html_read,contemporaneous_bulletin_as_reported
DL2009,大连,2009,2009年大连国民经济和社会发展统计公报,https://www.ln.gov.cn/web/zwgkx/tjgb2/shizfgzbg/dls/4358C73CB8594B829C559CC0BF9F1C27/index.shtml,2010-05-07,official_portal,综合GDP段；固定资产投资段；网页2010-10-21转载,2026-10-06,web_html_read,contemporaneous_bulletin_as_reported
DL2010,大连,2010,2010年大连国民经济和社会发展统计公报,https://www.ln.gov.cn/web/zwgkx/tjgb2/shizfgzbg/dls/4591A743F891442483912139A0D80D28/index.shtml,2011-03-25,official_portal,综合GDP段；固定资产投资传统口径段,2026-10-06,web_html_read,contemporaneous_bulletin_as_reported
DL2013,大连,2013,2013年大连国民经济和社会发展统计公报,https://www.ln.gov.cn/web/zwgkx/tjgb2/shizfgzbg/dls/094BE59B25B443A3811D217C357AF585/index.shtml,2014-03-21,official_portal,综合GDP段；固定资产投资章节；利用外资段；交通运输港口段,2026-10-06,web_html_read,contemporaneous_bulletin_as_reported
DL2014,大连,2014,2014年大连国民经济和社会发展统计公报,https://www.ln.gov.cn/web/zwgkx/tjgb2/shizfgzbg/dls/E43DB3DF8CE34D54A3DA8419C3223BBF/index.shtml,2015-03-19,official_portal,综合GDP段；固定资产投资章节；利用外资段；交通运输港口段,2026-10-06,web_html_read,contemporaneous_bulletin_as_reported
DL2015,大连,2015,2015年大连国民经济和社会发展统计公报,https://xiaokang.lnrbxmt.com/tongjishuju/2016-03-16/29554.html,2016-03-16,municipal_news_office_republication_of_bulletin,综合GDP段；固定资产投资章节；利用外资段；交通运输港口段,2026-10-06,web_html_read,contemporaneous_bulletin_as_reported
DL2016,大连,2016,2016年大连国民经济和社会发展统计公报,https://www.ln.gov.cn/web/zwgkx/tjgb2/shizfgzbg/dls/C1C19B090ACE4407BCA73D8D1E82CB64/index.shtml,2017-11-28,official_portal,综合GDP段；固定资产投资章节；利用外资段；交通运输港口段,2026-10-06,web_html_read,contemporaneous_bulletin_as_reported
DL2018,大连,2018,2018年大连国民经济和社会发展统计公报,https://www.ln.gov.cn/web/zwgkx/tjgb2/shizfgzbg/dls/54A5A145A7A5413695EE3EA7100FE04C/index.shtml,2019-05-24,official_portal,综合；网页2019-07-11转载,2026-10-06,web_html_read,contemporaneous_bulletin_as_reported
DL2019,大连,2019,2019年大连国民经济和社会发展统计公报,https://www.ln.gov.cn/web/zwgkx/tjgb2/shizfgzbg/dls/797E2A9C9BCB4ECD967D4812504CE4B6/index.shtml,2021-03-18,official_portal,综合统一核算；日期为网页转载日期,2026-10-06,web_html_read,contemporaneous_bulletin_as_reported
LN2007,辽宁,2007,2007年辽宁国民经济和社会发展统计公报,https://tjj.ln.gov.cn/tjj/tjsj/tjgb/ndtjgb/2023110818012690056/index.shtml,2008-02-18,official_portal,一经济总量；固定资产投资章节,2026-10-06,web_html_read,contemporaneous_bulletin_as_reported
LN2008,辽宁,2008,2008年辽宁国民经济和社会发展统计公报,https://tjj.ln.gov.cn/tjj/tjsj/tjgb/ndtjgb/2023110818012631808/index.shtml,2009-02-19,official_portal,一经济总量；固定资产投资章节,2026-10-06,web_html_read,contemporaneous_bulletin_as_reported
LN2009,辽宁,2009,2009年辽宁国民经济和社会发展统计公报,https://tjj.ln.gov.cn/tjj/tjsj/tjgb/ndtjgb/2023110818012732609/index.shtml,2010-02-11,official_portal,一经济总量；固定资产投资章节,2026-10-06,web_html_read,contemporaneous_bulletin_as_reported
LN2010,辽宁,2010,2010年辽宁国民经济和社会发展统计公报,https://tjj.ln.gov.cn/tjj/tjsj/tjgb/ndtjgb/2023110818012764609/index.shtml,2011-02-28,official_portal,一经济总量；固定资产投资章节,2026-10-06,web_html_read,contemporaneous_bulletin_as_reported
LN2011,辽宁,2011,2011年辽宁国民经济和社会发展统计公报,https://tjj.ln.gov.cn/tjj/tjsj/tjgb/ndtjgb/2023110818012866947/index.shtml,2012-02-21,official_portal,一经济总量；固定资产投资章节,2026-10-06,web_html_read,contemporaneous_bulletin_as_reported
LN2012,辽宁,2012,2012年辽宁国民经济和社会发展统计公报,https://tjj.ln.gov.cn/tjj/tjsj/tjgb/ndtjgb/2023110818012920580/index.shtml,2013-03-07,official_portal,一经济总量；固定资产投资章节,2026-10-06,web_html_read,contemporaneous_bulletin_as_reported
LN2013,辽宁,2013,2013年辽宁国民经济和社会发展统计公报,https://tjj.ln.gov.cn/tjj/tjsj/tjgb/ndtjgb/2023110818013035791/index.shtml,2014-03-03,official_portal,一经济总量；固定资产投资章节,2026-10-06,web_html_read,contemporaneous_bulletin_as_reported
LN2014,辽宁,2014,2014年辽宁国民经济和社会发展统计公报,https://tjj.ln.gov.cn/tjj/tjsj/tjgb/ndtjgb/2023110818013144241/index.shtml,2015-02-28,official_portal,一经济总量；固定资产投资章节,2026-10-06,web_html_read,contemporaneous_bulletin_as_reported
LN2015,辽宁,2015,2015年辽宁国民经济和社会发展统计公报,https://tjj.ln.gov.cn/tjj/tjsj/tjgb/ndtjgb/2023110818013115726/index.shtml,2016-03-16,official_portal,一经济总量；固定资产投资章节,2026-10-06,web_html_read,contemporaneous_bulletin_as_reported
LN2016,辽宁,2016,2016年辽宁国民经济和社会发展统计公报,https://tjj.ln.gov.cn/tjj/tjsj/tjgb/ndtjgb/2023110818013116318/index.shtml,2017-03-01,official_portal,一经济总量；固定资产投资章节,2026-10-06,web_html_read,contemporaneous_bulletin_as_reported
QD2011,青岛,2011,2011年青岛国民经济和社会发展统计公报,https://www.qingdao.gov.cn/zwgk/zdgk/fgwj/zcwj/zfgb/n2012_6/202010/t20201025_1761112.shtml,2012-02-28,official_portal_search_cache,一综合GDP；网页搜索缓存可读，直接打开重定向失败,2026-10-06,web_search_cache,contemporaneous_bulletin_as_reported
QD2013,青岛,2013,2013年青岛国民经济和社会发展统计公报,https://www.dailyqd.com/2014-03/26/content_40983.htm,2014-03-26,original_bulletin_republished_by_city_newspaper,青岛市统计局国家统计局青岛调查队公报全文：一综合,2026-10-06,web_html_read,contemporaneous_bulletin_as_reported
QD2013I,青岛,2013,2013年青岛国民经济和社会发展统计公报,https://www.dailyqd.com/2014-03/26/content_40983_2.htm,2014-03-26,original_bulletin_republished_by_city_newspaper,同公报第二页：四固定资产投资,2026-10-06,web_html_read,contemporaneous_bulletin_as_reported
