year,gdp_gap_DL_minus_LN_pp,fai_gap_DL_minus_LN_pp,interpretation
2005,,,descriptive_not_causal;province_contains_city;as_reported_vintages
2006,,,descriptive_not_causal;province_contains_city;as_reported_vintages
2007,3.000000,0.700000,descriptive_not_causal;province_contains_city;as_reported_vintages
2008,3.400000,-4.500000,descriptive_not_causal;province_contains_city;as_reported_vintages
2009,1.900000,-0.300000,descriptive_not_causal;province_contains_city;as_reported_vintages
2010,1.100000,24.800000,descriptive_not_causal;province_contains_city;as_reported_vintages
2011,,,descriptive_not_causal;province_contains_city;as_reported_vintages
2012,,,descriptive_not_causal;province_contains_city;as_reported_vintages
2013,0.300000,0.100000,descriptive_not_causal;province_contains_city;as_reported_vintages
2014,0.000000,6.100000,descriptive_not_causal;province_contains_city;as_reported_vintages
2015,1.200000,-4.900000,descriptive_not_causal;province_contains_city;as_reported_vintages
2016,9.000000,-5.000000,descriptive_not_causal;province_contains_city;as_reported_vintages
2017,,,descriptive_not_causal;province_contains_city;as_reported_vintages
2018,,,descriptive_not_causal;province_contains_city;as_reported_vintages
2019,,,descriptive_not_causal;province_contains_city;as_reported_vintages
