metric,value,interpretation
pre_2008_2011_mean_gap_pp,1.55,重庆相对成都+武汉均值的事前增速优势
post_2013_2016_mean_gap_pp,2.35,2012事件后重庆相对优势
post_minus_pre_gap_change_pp,0.80,相对优势未恶化而略扩大
cq_loan_growth_2011_pct,20.0,事件前
cq_loan_growth_2014_pct,14.6,事件后两年仍为两位数
cq_loan_growth_2016_pct,11.189,事件后四年仍为两位数
dalian_loan_growth_2011_pct,16.318,大连事件前
dalian_loan_growth_2014_pct,7.404,大连事件后两年
dalian_loan_growth_2016_pct,2.319,大连事件后四年
cq_fai_growth_2012_pct,22.0,事件过渡年
cq_fai_growth_2014_pct,18.0,事件后两年
cq_fai_growth_2016_pct,12.1,事件后四年
universal_network_cliff_hypothesis,not_supported,重庆没有出现与大连相似的1到4年GDP/信贷/投资断崖
zero_effect_hypothesis,not_identified,重庆继续增长不能证明政治冲击为零；反事实和补偿性政策未知
