year,dalian_growth_pct,secondary_donor_mean_pct,dalian_minus_donor_mean_pp,interpretation
2010,15.2,13.650,1.550,pre-screening-only
2011,13.5,12.225,1.275,pre-screening-only
2012,10.3,10.203,0.098,transition-year-screening-only
2013,9.25,7.850,1.400,post-screening-only
2014,5.78,8.463,-2.683,post-screening-only
2015,4.2,7.918,-3.718,post-screening-only
2016,6.5,7.740,-1.240,post-screening-only
2017,7.31,7.825,-0.515,extension-screening-only
2018,6.5,7.125,-0.625,extension-screening-only
2019,6.5,6.675,-0.175,extension-screening-only
